{"mean": [0.6628418061708135, 7.255665465589924, 0.4110581699059448, 4.5535780232852945, 5.0701174314149835, 3.7927501524892, 12.806744830332358], "scale": [4.360576773913593, 3.625352978786958, 2.207075725266359, 2.675783368524496, 2.5810675628803983, 1.8290587557346476, 2.0646048509255235]}